SEASON_YEAR,TEAM_ID,TEAM_ABBREVIATION,TEAM_NAME,GAME_ID,GAME_DATE,MATCHUP,WL,MIN,FGM,FGA,FG_PCT,FG3M,FG3A,FG3_PCT,FTM,FTA,FT_PCT,OREB,DREB,REB,AST,TOV,STL,BLK,BLKA,PF,PFD,PTS,PLUS_MINUS,GP_RANK,W_RANK,L_RANK,W_PCT_RANK,MIN_RANK,FGM_RANK,FGA_RANK,FG_PCT_RANK,FG3M_RANK,FG3A_RANK,FG3_PCT_RANK,FTM_RANK,FTA_RANK,FT_PCT_RANK,OREB_RANK,DREB_RANK,REB_RANK,AST_RANK,TOV_RANK,STL_RANK,BLK_RANK,BLKA_RANK,PF_RANK,PFD_RANK,PTS_RANK,PLUS_MINUS_RANK,AVAILABLE_FLAG
2023-24,1610612742,DAL,Dallas Mavericks,0042300171,2024-04-21T00:00:00,DAL @ LAC,L,48.0,31,80,0.388,10,33,0.303,25,33,0.758,9,32,41,14,9.0,7,9,3,15,22,97,-12.0,1,12,12,12,1,20,18,19,14,15,15,1,1,17,14,16,15,22,3,8,1,3,4,4,13,18,1
2023-24,1610612754,IND,Indiana Pacers,0042300121,2024-04-21T00:00:00,IND @ MIL,L,48.0,36,91,0.396,8,38,0.211,14,21,0.667,14,36,50,20,13.0,4,5,5,16,22,94,-15.0,1,12,12,12,1,13,3,17,18,5,22,14,11,20,5,4,5,15,13,19,13,8,6,4,17,20,1
2023-24,1610612747,LAL,Los Angeles Lakers,0042300151,2024-04-20T00:00:00,LAL @ DEN,L,48.0,39,79,0.494,8,29,0.276,17,19,0.895,6,34,40,22,12.0,3,7,4,15,20,103,-11.0,1,12,12,12,1,5,20,2,18,21,17,9,13,5,18,8,17,8,9,21,2,5,4,10,9,17,1
2023-24,1610612747,LAL,Los Angeles Lakers,0042300152,2024-04-22T00:00:00,LAL @ DEN,L,48.0,38,78,0.487,13,30,0.433,10,13,0.769,4,34,38,24,15.0,6,3,4,20,17,99,-2.0,1,12,12,12,1,8,21,3,6,19,4,18,16,15,21,8,19,6,17,11,19,5,12,14,12,12,1
2023-24,1610612748,MIA,Miami Heat,0042300101,2024-04-21T00:00:00,MIA @ BOS,L,48.0,38,81,0.469,12,37,0.324,6,6,1.0,5,29,34,23,11.0,4,1,6,13,10,94,-20.0,1,12,12,12,1,8,15,6,8,6,11,21,21,1,19,19,20,7,5,19,22,11,2,22,17,21,1
2023-24,1610612740,NOP,New Orleans Pelicans,0042300141,2024-04-21T00:00:00,NOP @ OKC,L,48.0,37,96,0.385,11,39,0.282,7,9,0.778,18,34,52,22,14.0,7,6,7,16,13,92,-2.0,1,12,12,12,1,10,2,20,12,3,16,20,20,14,2,8,3,8,15,8,7,17,6,20,20,12,1
2023-24,1610612753,ORL,Orlando Magic,0042300131,2024-04-20T00:00:00,ORL @ CLE,L,48.0,28,86,0.326,8,37,0.216,19,30,0.633,11,29,40,16,12.0,12,7,4,25,21,83,-14.0,1,12,12,12,1,22,10,22,18,6,21,6,2,21,8,19,17,20,9,1,2,5,22,7,22,19,1
2023-24,1610612753,ORL,Orlando Magic,0042300132,2024-04-22T00:00:00,ORL @ CLE,L,48.0,29,80,0.363,9,35,0.257,19,26,0.731,11,30,41,18,17.0,8,5,6,22,24,86,-10.0,1,12,12,12,1,21,18,21,16,11,19,6,4,18,8,18,15,17,21,5,13,11,17,2,21,16,1
2023-24,1610612755,PHI,Philadelphia 76ers,0042300112,2024-04-22T00:00:00,PHI @ NYK,L,48.0,36,84,0.429,13,36,0.361,16,22,0.727,10,34,44,26,11.0,3,6,6,21,17,101,-3.0,1,12,12,12,1,13,12,14,6,9,7,11,8,19,10,8,12,3,5,21,7,11,14,14,10,14,1
2023-24,1610612755,PHI,Philadelphia 76ers,0042300111,2024-04-20T00:00:00,PHI @ NYK,L,48.0,36,81,0.444,12,35,0.343,20,22,0.909,9,24,33,17,11.0,8,7,7,21,18,104,-7.0,1,12,12,12,1,13,15,9,8,11,9,3,8,3,14,22,21,19,5,5,2,17,14,13,7,15,1
2023-24,1610612756,PHX,Phoenix Suns,0042300161,2024-04-20T00:00:00,PHX @ MIN,L,48.0,33,75,0.44,9,28,0.321,20,25,0.8,3,25,28,16,15.0,9,6,2,19,24,95,-25.0,1,12,12,12,1,19,22,12,16,22,12,3,6,13,22,21,22,20,17,3,7,2,11,2,16,22,1
2023-24,1610612738,BOS,Boston Celtics,0042300101,2024-04-21T00:00:00,BOS vs. MIA,W,48.0,39,82,0.476,22,49,0.449,14,16,0.875,10,34,44,27,11.0,6,6,1,10,13,114,20.0,1,1,1,1,1,5,13,4,1,1,3,14,15,7,10,8,12,1,5,11,7,1,1,20,2,2,1
2023-24,1610612739,CLE,Cleveland Cavaliers,0042300131,2024-04-20T00:00:00,CLE vs. ORL,W,48.0,36,81,0.444,8,30,0.267,17,21,0.81,10,44,54,21,18.0,9,4,7,21,25,97,14.0,1,1,1,1,1,13,15,9,18,19,18,9,11,12,10,1,2,11,22,3,16,17,14,1,13,4,1
2023-24,1610612739,CLE,Cleveland Cavaliers,0042300132,2024-04-22T00:00:00,CLE vs. ORL,W,48.0,34,82,0.415,12,39,0.308,16,26,0.615,15,33,48,18,15.0,11,6,5,24,22,96,10.0,1,1,1,1,1,18,13,15,8,3,14,11,4,22,3,15,7,17,17,2,7,8,20,4,15,7,1
2023-24,1610612743,DEN,Denver Nuggets,0042300151,2024-04-20T00:00:00,DEN vs. LAL,W,48.0,47,102,0.461,15,42,0.357,5,6,0.833,15,34,49,27,6.0,7,4,7,20,15,114,11.0,1,1,1,1,1,1,1,7,4,2,8,22,21,9,3,8,6,1,1,8,16,17,12,18,2,6,1
2023-24,1610612743,DEN,Denver Nuggets,0042300152,2024-04-22T00:00:00,DEN vs. LAL,W,48.0,39,88,0.443,8,34,0.235,15,17,0.882,9,36,45,26,9.0,6,4,3,17,20,101,2.0,1,1,1,1,1,5,6,11,18,14,20,13,14,6,14,4,10,3,3,11,16,3,8,10,10,10,1
2023-24,1610612746,LAC,LA Clippers,0042300171,2024-04-21T00:00:00,LAC vs. DAL,W,48.0,40,87,0.46,18,36,0.5,11,13,0.846,10,35,45,21,14.0,5,3,9,22,15,109,12.0,1,1,1,1,1,4,8,8,2,9,1,17,16,8,10,7,10,11,15,15,19,22,17,18,5,5,1
2023-24,1610612749,MIL,Milwaukee Bucks,0042300121,2024-04-21T00:00:00,MIL vs. IND,W,48.0,41,87,0.471,14,37,0.378,13,13,1.0,5,42,47,21,12.0,5,5,5,22,16,109,15.0,1,1,1,1,1,3,8,5,5,6,5,16,16,1,19,2,8,11,9,15,13,8,17,16,5,3,1
2023-24,1610612750,MIN,Minnesota Timberwolves,0042300161,2024-04-20T00:00:00,MIN vs. PHX,W,48.0,44,88,0.5,12,32,0.375,20,22,0.909,13,39,52,26,15.0,8,2,6,24,19,120,25.0,1,1,1,1,1,2,6,1,8,17,6,3,8,3,6,3,3,3,17,5,21,11,20,12,1,1,1
2023-24,1610612752,NYK,New York Knicks,0042300111,2024-04-20T00:00:00,NYK vs. PHI,W,48.0,36,91,0.396,16,35,0.457,23,28,0.821,23,32,55,20,12.0,6,7,7,18,21,111,7.0,1,1,1,1,1,13,3,17,3,11,2,2,3,11,1,16,1,15,9,11,2,17,10,7,4,8,1
2023-24,1610612752,NYK,New York Knicks,0042300112,2024-04-22T00:00:00,NYK vs. PHI,W,48.0,37,91,0.407,11,33,0.333,19,23,0.826,12,34,46,22,8.0,5,6,6,17,21,104,3.0,1,1,1,1,1,10,3,16,12,15,10,6,7,10,7,8,9,8,2,15,7,11,8,7,7,9,1
2023-24,1610612760,OKC,Oklahoma City Thunder,0042300141,2024-04-21T00:00:00,OKC vs. NOP,W,48.0,37,85,0.435,10,32,0.313,10,13,0.769,8,36,44,21,13.0,5,7,6,13,16,94,2.0,1,1,1,1,1,10,11,13,14,17,13,18,16,15,17,4,12,11,13,15,2,11,2,16,17,10,1
2023-24,1610612742,DAL,Dallas Mavericks,0042300405,2024-06-17T00:00:00,DAL @ BOS,L,48.0,35,78,0.449,11,37,0.297,7,13,0.538,7,28,35,18,13.0,4,4,2,20,15,88,-18.0,1,83,83,83,7,123,138,98,87,34,121,158,138,162,124,120,134,136,91,131,85,12,93,134,154,141,1
2023-24,1610612738,BOS,Boston Celtics,0042300405,2024-06-17T00:00:00,BOS vs. DAL,W,48.0,38,89,0.427,13,39,0.333,17,20,0.85,15,36,51,25,9.0,9,2,4,15,20,106,18.0,1,1,1,1,7,83,30,122,48,25,90,57,78,43,14,24,13,49,19,18,132,57,17,56,75,23,1
2023-24,1610612742,DAL,Dallas Mavericks,0042300404,2024-06-14T00:00:00,DAL vs. BOS,W,48.0,46,91,0.505,15,37,0.405,15,22,0.682,13,39,52,21,9.0,7,2,5,17,19,122,38.0,1,1,1,1,7,16,15,38,21,34,41,84,59,135,31,7,7,103,19,53,132,81,44,73,13,2,1
2023-24,1610612738,BOS,Boston Celtics,0042300404,2024-06-14T00:00:00,BOS @ DAL,L,48.0,29,80,0.363,14,41,0.341,12,13,0.923,4,27,31,18,14.0,2,5,2,19,17,84,-38.0,1,83,83,83,7,158,121,157,33,16,89,117,138,11,158,129,153,136,102,158,65,12,79,104,158,162,1
2023-24,1610612738,BOS,Boston Celtics,0042300403,2024-06-12T00:00:00,BOS @ DAL,W,48.0,38,82,0.463,17,46,0.37,13,14,0.929,6,30,36,26,9.0,4,6,1,19,17,106,7.0,1,1,1,1,7,83,100,82,10,5,69,109,127,10,140,104,128,35,19,131,39,4,79,104,75,53,1
2023-24,1610612742,DAL,Dallas Mavericks,0042300403,2024-06-12T00:00:00,DAL vs. BOS,L,48.0,38,86,0.442,9,25,0.36,14,16,0.875,7,36,43,15,9.0,5,1,6,17,19,99,-7.0,1,83,83,83,7,83,62,106,119,155,75,100,118,26,124,24,71,160,19,96,154,101,44,73,113,106,1
2023-24,1610612738,BOS,Boston Celtics,0042300402,2024-06-09T00:00:00,BOS vs. DAL,W,48.0,38,84,0.452,10,39,0.256,19,20,0.95,10,31,41,29,11.0,10,5,3,15,17,105,7.0,1,1,1,1,7,83,82,94,102,25,146,38,78,7,69,93,91,19,55,11,65,34,17,104,85,53,1
2023-24,1610612742,DAL,Dallas Mavericks,0042300402,2024-06-09T00:00:00,DAL @ BOS,L,48.0,38,80,0.475,6,26,0.231,16,24,0.667,9,34,43,21,15.0,5,3,5,17,15,98,-7.0,1,83,83,83,7,83,121,64,158,147,155,70,44,138,89,45,71,103,130,96,109,81,44,134,116,106,1
2023-24,1610612742,DAL,Dallas Mavericks,0042300401,2024-06-06T00:00:00,DAL @ BOS,L,48.0,35,84,0.417,7,27,0.259,12,19,0.632,10,33,43,9,11.0,8,1,9,16,16,89,-18.0,1,83,83,83,7,123,82,132,150,139,138,117,88,155,69,61,71,164,55,34,154,155,32,122,150,141,1
2023-24,1610612738,BOS,Boston Celtics,0042300401,2024-06-06T00:00:00,BOS vs. DAL,W,48.0,39,82,0.476,16,42,0.381,13,19,0.684,10,37,47,23,14.0,6,9,1,16,16,107,18.0,1,1,1,1,7,71,100,60,13,13,57,109,88,131,69,16,31,73,102,73,7,4,32,122,72,23,1
2023-24,1610612750,MIN,Minnesota Timberwolves,0042300315,2024-05-30T00:00:00,MIN vs. DAL,L,48.0,38,89,0.427,10,32,0.313,17,21,0.81,13,28,41,17,14.0,8,5,5,17,20,103,-21.0,1,83,83,83,7,83,30,122,102,91,108,57,68,67,31,120,91,149,102,34,65,81,44,56,97,145,1
2023-24,1610612742,DAL,Dallas Mavericks,0042300315,2024-05-30T00:00:00,DAL @ MIN,W,48.0,46,84,0.548,15,34,0.441,17,23,0.739,9,36,45,19,13.0,7,5,5,20,17,124,21.0,1,1,1,1,7,16,82,10,21,70,29,57,55,109,89,24,46,124,91,53,65,81,93,104,10,18,1
2023-24,1610612750,MIN,Minnesota Timberwolves,0042300314,2024-05-28T00:00:00,MIN @ DAL,W,48.0,39,74,0.527,11,24,0.458,16,25,0.64,6,34,40,23,15.0,9,4,4,23,22,105,5.0,1,1,1,1,7,71,157,22,87,157,19,70,37,152,140,45,101,73,130,18,85,57,134,32,85,62,1
2023-24,1610612742,DAL,Dallas Mavericks,0042300314,2024-05-28T00:00:00,DAL vs. MIN,L,48.0,34,81,0.42,14,40,0.35,18,21,0.857,10,28,38,23,14.0,6,4,4,22,23,100,-5.0,1,83,83,83,7,135,114,130,33,18,80,45,68,39,69,120,119,73,102,73,85,57,122,23,111,99,1
2023-24,1610612738,BOS,Boston Celtics,0042300304,2024-05-27T00:00:00,BOS @ IND,W,48.0,40,89,0.449,14,44,0.318,11,14,0.786,12,32,44,22,13.0,10,6,4,18,19,105,3.0,1,1,1,1,7,61,30,96,33,9,106,128,127,85,40,80,56,90,91,11,39,57,62,73,85,70,1
2023-24,1610612754,IND,Indiana Pacers,0042300304,2024-05-27T00:00:00,IND vs. BOS,L,48.0,40,87,0.46,10,29,0.345,12,16,0.75,13,34,47,24,14.0,5,4,6,19,18,102,-3.0,1,83,83,83,7,61,50,90,102,121,83,117,118,101,31,45,31,58,102,96,85,101,79,87,102,89,1
2023-24,1610612742,DAL,Dallas Mavericks,0042300313,2024-05-26T00:00:00,DAL vs. MIN,W,48.0,38,68,0.559,14,28,0.5,26,31,0.839,7,25,32,19,14.0,7,5,2,19,24,116,9.0,1,1,1,1,7,83,164,6,33,131,6,6,10,53,124,143,147,124,102,53,65,12,79,16,34,47,1
2023-24,1610612750,MIN,Minnesota Timberwolves,0042300313,2024-05-26T00:00:00,MIN @ DAL,L,48.0,43,85,0.506,9,30,0.3,12,17,0.706,10,23,33,26,10.0,4,2,5,24,19,107,-9.0,1,83,83,83,7,36,76,37,119,111,117,117,110,123,69,157,141,35,41,131,132,81,143,73,72,116,1
2023-24,1610612738,BOS,Boston Celtics,0042300303,2024-05-25T00:00:00,BOS @ IND,W,48.0,39,83,0.47,16,46,0.348,20,26,0.769,7,29,36,24,8.0,7,12,1,18,21,114,3.0,1,1,1,1,7,71,94,72,13,5,81,31,29,93,124,114,128,58,10,53,2,4,62,44,43,70,1
2023-24,1610612754,IND,Indiana Pacers,0042300303,2024-05-25T00:00:00,IND vs. BOS,L,48.0,46,91,0.505,5,22,0.227,14,14,1.0,9,34,43,32,11.0,4,1,12,21,18,111,-3.0,1,83,83,83,7,16,15,38,160,161,157,100,127,1,89,45,71,8,55,131,154,162,110,87,54,89,1
2023-24,1610612742,DAL,Dallas Mavericks,0042300312,2024-05-24T00:00:00,DAL @ MIN,W,48.0,41,84,0.488,12,31,0.387,15,22,0.682,11,33,44,24,10.0,7,7,7,17,19,109,1.0,1,1,1,1,7,54,82,52,68,100,49,84,59,135,51,61,56,58,41,53,22,127,44,73,61,80,1
2023-24,1610612750,MIN,Minnesota Timberwolves,0042300312,2024-05-24T00:00:00,MIN vs. DAL,L,48.0,35,85,0.412,12,31,0.387,26,32,0.813,12,28,40,26,9.0,7,7,7,19,17,108,-1.0,1,83,83,83,7,123,76,138,68,100,49,6,6,66,40,120,101,35,19,53,22,127,79,104,67,83,1
2023-24,1610612738,BOS,Boston Celtics,0042300302,2024-05-23T00:00:00,BOS vs. IND,W,48.0,47,88,0.534,15,37,0.405,17,20,0.85,13,27,40,28,12.0,9,2,2,16,23,126,16.0,1,1,1,1,7,9,42,21,21,34,41,57,78,43,31,129,101,22,71,18,132,12,32,23,5,27,1
2023-24,1610612754,IND,Indiana Pacers,0042300302,2024-05-23T00:00:00,IND @ BOS,L,48.0,44,84,0.524,11,29,0.379,11,16,0.688,12,25,37,23,16.0,5,2,2,23,16,110,-16.0,1,83,83,83,7,27,82,26,87,121,58,128,118,128,40,143,126,73,145,96,132,12,134,122,59,138,1
2023-24,1610612742,DAL,Dallas Mavericks,0042300311,2024-05-22T00:00:00,DAL @ MIN,W,48.0,43,87,0.494,6,25,0.24,16,17,0.941,11,37,48,21,13.0,5,8,3,15,17,108,3.0,1,1,1,1,7,36,50,42,158,155,150,70,110,8,51,16,24,103,91,96,11,34,17,104,67,70,1
2023-24,1610612750,MIN,Minnesota Timberwolves,0042300311,2024-05-22T00:00:00,MIN vs. DAL,L,48.0,38,89,0.427,18,49,0.367,11,18,0.611,10,30,40,23,10.0,8,3,8,17,15,105,-3.0,1,83,83,83,7,83,30,122,5,1,70,128,101,160,69,104,101,73,41,34,109,144,44,134,85,89,1
2023-24,1610612754,IND,Indiana Pacers,0042300301,2024-05-21T00:00:00,IND @ BOS,L,53.0,53,99,0.535,13,35,0.371,9,10,0.9,10,34,44,38,22.0,8,4,5,23,15,128,-5.0,1,83,83,83,1,1,4,20,48,56,67,144,154,16,69,45,56,1,164,34,85,81,134,134,4,99,1
2023-24,1610612738,BOS,Boston Celtics,0042300301,2024-05-21T00:00:00,BOS vs. IND,W,53.0,47,99,0.475,15,45,0.333,24,30,0.8,13,30,43,30,15.0,11,5,4,15,23,133,5.0,1,1,1,1,1,9,4,66,21,8,90,16,14,72,31,104,71,13,130,6,65,57,17,23,1,62,1
2023-24,1610612754,IND,Indiana Pacers,0042300217,2024-05-19T00:00:00,IND @ NYK,W,48.0,53,79,0.671,13,24,0.542,11,16,0.688,7,26,33,33,14.0,7,9,2,22,17,130,21.0,1,1,1,1,7,1,133,1,48,157,2,128,118,128,124,140,141,4,102,53,7,12,122,104,2,18,1
2023-24,1610612743,DEN,Denver Nuggets,0042300237,2024-05-19T00:00:00,DEN vs. MIN,L,48.0,34,83,0.41,8,33,0.242,14,16,0.875,11,33,44,18,10.0,3,7,6,23,21,90,-8.0,1,83,83,83,7,135,94,140,135,80,149,100,118,26,51,61,56,136,41,151,22,101,134,44,147,113,1
2023-24,1610612752,NYK,New York Knicks,0042300217,2024-05-19T00:00:00,NYK vs. IND,L,48.0,36,85,0.424,13,35,0.371,24,27,0.889,9,19,28,22,10.0,5,2,9,17,22,109,-21.0,1,83,83,83,7,110,76,127,48,56,67,16,23,21,89,164,161,90,41,96,132,155,44,32,61,145,1
2023-24,1610612750,MIN,Minnesota Timberwolves,0042300237,2024-05-19T00:00:00,MIN @ DEN,W,48.0,31,79,0.392,10,34,0.294,26,30,0.867,11,36,47,18,9.0,9,6,7,21,23,98,8.0,1,1,1,1,7,153,133,148,102,70,123,6,14,34,51,24,31,136,19,18,39,127,110,23,116,50,1
2023-24,1610612760,OKC,Oklahoma City Thunder,0042300226,2024-05-18T00:00:00,OKC @ DAL,L,48.0,44,92,0.478,15,41,0.366,13,17,0.765,7,24,31,25,10.0,10,5,4,20,23,116,-1.0,1,83,83,83,7,27,10,59,21,16,71,109,110,98,124,152,153,49,41,11,65,57,93,23,34,83,1
2023-24,1610612742,DAL,Dallas Mavericks,0042300226,2024-05-18T00:00:00,DAL vs. OKC,W,48.0,42,82,0.512,16,34,0.471,17,24,0.708,14,33,47,25,18.0,5,4,5,23,20,117,1.0,1,1,1,1,7,44,100,34,13,70,15,57,44,121,22,61,31,49,154,96,85,81,134,56,30,80,1
2023-24,1610612752,NYK,New York Knicks,0042300216,2024-05-17T00:00:00,NYK @ IND,L,48.0,36,82,0.439,13,34,0.382,18,26,0.692,13,22,35,20,9.0,6,5,8,15,21,103,-13.0,1,83,83,83,7,110,100,110,48,70,54,45,29,125,31,160,134,116,19,73,65,144,17,44,97,129,1
2023-24,1610612754,IND,Indiana Pacers,0042300216,2024-05-17T00:00:00,IND vs. NYK,W,48.0,49,91,0.538,9,26,0.346,9,13,0.692,14,33,47,35,9.0,3,8,5,21,15,116,13.0,1,1,1,1,7,5,15,16,119,147,82,144,138,125,22,61,31,3,19,151,11,81,110,134,34,33,1
2023-24,1610612750,MIN,Minnesota Timberwolves,0042300236,2024-05-16T00:00:00,MIN vs. DEN,W,48.0,40,86,0.465,15,40,0.375,20,24,0.833,11,51,62,26,6.0,9,4,5,14,17,115,45.0,1,1,1,1,7,61,62,79,21,18,62,31,44,54,51,1,1,35,2,18,85,81,9,104,39,1,1
2023-24,1610612743,DEN,Denver Nuggets,0042300236,2024-05-16T00:00:00,DEN @ MIN,L,48.0,26,86,0.302,7,36,0.194,11,14,0.786,10,33,43,18,12.0,2,5,4,17,14,70,-45.0,1,83,83,83,7,164,62,164,150,46,160,128,127,85,69,61,71,136,71,158,65,57,44,149,164,164,1
2023-24,1610612739,CLE,Cleveland Cavaliers,0042300205,2024-05-15T00:00:00,CLE @ BOS,L,48.0,38,79,0.481,13,31,0.419,9,12,0.75,6,22,28,25,10.0,5,2,6,16,15,98,-15.0,1,83,83,83,7,83,133,58,48,100,36,144,150,101,140,160,161,49,41,96,132,101,32,134,116,135,1
2023-24,1610612742,DAL,Dallas Mavericks,0042300225,2024-05-15T00:00:00,DAL @ OKC,W,48.0,40,76,0.526,14,35,0.4,10,13,0.769,9,37,46,27,14.0,5,5,2,17,15,104,12.0,1,1,1,1,7,61,150,23,33,56,43,138,138,93,89,16,40,28,102,96,65,12,44,134,92,37,1
2023-24,1610612760,OKC,Oklahoma City Thunder,0042300225,2024-05-15T00:00:00,OKC vs. DAL,L,48.0,37,87,0.425,10,40,0.25,8,10,0.8,8,25,33,20,7.0,8,2,5,15,17,92,-12.0,1,83,83,83,7,102,50,126,102,18,147,155,154,72,105,143,141,116,7,34,132,81,17,104,141,125,1
2023-24,1610612738,BOS,Boston Celtics,0042300205,2024-05-15T00:00:00,BOS vs. CLE,W,48.0,42,80,0.525,19,43,0.442,10,12,0.833,11,32,43,32,14.0,6,6,2,15,16,113,15.0,1,1,1,1,7,44,121,24,4,10,28,138,150,54,51,80,71,8,102,73,39,12,17,122,48,28,1
2023-24,1610612754,IND,Indiana Pacers,0042300215,2024-05-14T00:00:00,IND @ NYK,L,48.0,31,72,0.431,12,27,0.444,17,22,0.773,5,24,29,24,18.0,5,6,5,19,22,91,-30.0,1,83,83,83,7,153,160,116,68,139,26,57,59,92,148,152,157,58,154,96,39,81,79,32,146,157,1
2023-24,1610612752,NYK,New York Knicks,0042300215,2024-05-14T00:00:00,NYK vs. IND,W,48.0,47,101,0.465,12,35,0.343,15,19,0.789,20,33,53,26,9.0,7,5,6,22,19,121,30.0,1,1,1,1,7,9,3,78,68,56,85,84,88,80,2,61,6,35,19,53,65,101,122,73,15,7,1
2023-24,1610612750,MIN,Minnesota Timberwolves,0042300235,2024-05-14T00:00:00,MIN @ DEN,L,48.0,38,78,0.487,8,26,0.308,13,19,0.684,8,25,33,30,14.0,7,7,5,20,17,97,-15.0,1,83,83,83,7,83,138,53,135,147,111,109,88,131,105,143,141,13,102,53,22,81,93,104,120,135,1
2023-24,1610612743,DEN,Denver Nuggets,0042300235,2024-05-14T00:00:00,DEN vs. MIN,W,48.0,44,80,0.55,9,19,0.474,15,18,0.833,8,30,38,30,12.0,6,5,7,17,20,112,15.0,1,1,1,1,7,27,121,9,119,163,13,84,101,54,105,104,119,13,71,73,65,127,44,56,50,28,1
2023-24,1610612739,CLE,Cleveland Cavaliers,0042300204,2024-05-13T00:00:00,CLE vs. BOS,L,48.0,41,94,0.436,15,48,0.313,5,7,0.714,8,24,32,26,8.0,8,3,4,17,12,102,-7.0,1,83,83,83,7,54,7,113,21,4,108,162,162,117,105,152,147,35,10,34,109,57,44,161,102,106,1
2023-24,1610612742,DAL,Dallas Mavericks,0042300224,2024-05-13T00:00:00,DAL vs. OKC,L,48.0,36,88,0.409,12,35,0.343,12,23,0.522,12,35,47,26,14.0,4,13,9,18,20,96,-4.0,1,83,83,83,7,110,42,141,68,56,85,117,55,163,40,36,31,35,102,131,1,155,62,56,125,96,1
2023-24,1610612738,BOS,Boston Celtics,0042300204,2024-05-13T00:00:00,BOS @ CLE,W,48.0,38,78,0.487,12,32,0.375,21,24,0.875,10,38,48,15,15.0,6,4,3,12,17,109,7.0,1,1,1,1,7,83,138,53,68,91,62,26,44,26,69,10,24,160,130,73,85,34,2,104,61,53,1
2023-24,1610612760,OKC,Oklahoma City Thunder,0042300224,2024-05-13T00:00:00,OKC @ DAL,W,48.0,35,92,0.38,7,27,0.259,23,24,0.958,12,33,45,18,8.0,8,9,13,20,18,100,4.0,1,1,1,1,7,123,10,153,150,139,138,18,44,5,40,61,46,136,10,34,7,164,93,87,111,67,1
2023-24,1610612752,NYK,New York Knicks,0042300214,2024-05-12T00:00:00,NYK @ IND,L,48.0,30,89,0.337,7,37,0.189,22,31,0.71,16,27,43,18,14.0,8,2,7,12,25,89,-32.0,1,83,83,83,7,157,30,162,150,34,161,20,10,120,10,129,71,136,102,34,132,127,2,9,150,159,1
2023-24,1610612754,IND,Indiana Pacers,0042300214,2024-05-12T00:00:00,IND vs. NYK,W,48.0,50,88,0.568,14,31,0.452,7,8,0.875,9,43,52,31,14.0,9,7,2,25,12,121,32.0,1,1,1,1,7,3,42,5,33,100,22,158,161,26,89,4,7,12,102,18,22,12,150,161,15,5,1
2023-24,1610612743,DEN,Denver Nuggets,0042300234,2024-05-12T00:00:00,DEN @ MIN,W,48.0,45,79,0.57,13,29,0.448,12,15,0.8,5,26,31,29,12.0,7,6,3,20,21,115,8.0,1,1,1,1,7,24,133,4,48,121,25,117,126,72,148,140,153,19,71,53,39,34,93,44,39,50,1
2023-24,1610612750,MIN,Minnesota Timberwolves,0042300234,2024-05-12T00:00:00,MIN vs. DEN,L,48.0,39,82,0.476,11,28,0.393,18,27,0.667,12,30,42,21,11.0,5,3,6,21,20,107,-8.0,1,83,83,83,7,71,100,60,87,131,46,45,23,138,40,104,83,103,55,96,109,101,110,56,72,113,1
2023-24,1610612739,CLE,Cleveland Cavaliers,0042300203,2024-05-11T00:00:00,CLE vs. BOS,L,48.0,36,84,0.429,12,36,0.333,9,10,0.9,7,28,35,17,8.0,4,2,4,14,14,93,-13.0,1,83,83,83,7,110,82,118,68,46,90,144,154,16,124,120,134,149,10,131,132,57,9,149,137,129,1
2023-24,1610612760,OKC,Oklahoma City Thunder,0042300223,2024-05-11T00:00:00,OKC @ DAL,L,48.0,38,81,0.469,10,30,0.333,15,19,0.789,6,35,41,23,14.0,7,11,2,22,16,101,-4.0,1,83,83,83,7,83,114,73,102,111,90,84,88,80,140,36,91,73,102,53,4,12,122,122,105,96,1
2023-24,1610612738,BOS,Boston Celtics,0042300203,2024-05-11T00:00:00,BOS @ CLE,W,48.0,41,80,0.513,13,34,0.382,11,14,0.786,9,35,44,22,12.0,3,4,2,14,14,106,13.0,1,1,1,1,7,54,121,33,48,70,54,128,127,85,89,36,56,90,71,151,85,12,9,149,75,33,1
2023-24,1610612742,DAL,Dallas Mavericks,0042300223,2024-05-11T00:00:00,DAL vs. OKC,W,48.0,39,91,0.429,11,33,0.333,16,25,0.64,15,33,48,21,14.0,7,2,11,16,22,105,4.0,1,1,1,1,7,71,15,118,87,80,90,70,37,152,14,61,24,103,102,53,132,160,32,32,85,67,1
2023-24,1610612750,MIN,Minnesota Timberwolves,0042300233,2024-05-10T00:00:00,MIN vs. DEN,L,48.0,31,71,0.437,10,33,0.303,18,25,0.72,5,27,32,23,16.0,5,3,4,20,25,90,-27.0,1,83,83,83,7,153,162,112,102,80,115,45,37,116,148,129,147,73,145,96,109,57,93,9,147,156,1
2023-24,1610612743,DEN,Denver Nuggets,0042300233,2024-05-10T00:00:00,DEN @ MIN,W,48.0,43,80,0.538,14,29,0.483,17,20,0.85,8,32,40,26,11.0,9,4,3,25,20,117,27.0,1,1,1,1,7,36,121,17,33,121,10,57,78,43,105,80,101,35,55,18,85,34,150,56,30,9,1
2023-24,1610612752,NYK,New York Knicks,0042300213,2024-05-10T00:00:00,NYK @ IND,L,48.0,38,80,0.475,14,27,0.519,16,22,0.727,10,31,41,19,13.0,6,6,6,18,20,106,-5.0,1,83,83,83,7,83,121,64,33,139,4,70,59,113,69,93,91,124,91,73,39,101,62,56,75,99,1
2023-24,1610612754,IND,Indiana Pacers,0042300213,2024-05-10T00:00:00,IND vs. NYK,W,48.0,42,89,0.472,12,32,0.375,15,18,0.833,13,29,42,22,10.0,6,6,6,20,18,111,5.0,1,1,1,1,7,44,30,68,68,91,62,84,101,54,31,114,83,90,41,73,39,101,93,87,54,62,1
2023-24,1610612739,CLE,Cleveland Cavaliers,0042300202,2024-05-09T00:00:00,CLE @ BOS,W,48.0,47,86,0.547,13,28,0.464,11,16,0.688,7,37,44,24,12.0,4,3,3,20,15,118,24.0,1,1,1,1,7,9,62,12,48,131,17,128,118,128,124,16,56,58,71,131,109,34,93,134,26,13,1
2023-24,1610612760,OKC,Oklahoma City Thunder,0042300222,2024-05-09T00:00:00,OKC vs. DAL,L,48.0,42,89,0.472,10,30,0.333,16,17,0.941,8,33,41,25,10.0,5,6,6,18,21,110,-9.0,1,83,83,83,7,44,30,68,102,111,90,70,110,8,105,61,91,49,41,96,39,101,62,44,59,116,1
2023-24,1610612742,DAL,Dallas Mavericks,0042300222,2024-05-09T00:00:00,DAL @ OKC,W,48.0,42,90,0.467,18,37,0.486,17,24,0.708,12,32,44,30,10.0,8,6,6,21,18,119,9.0,1,1,1,1,7,44,23,75,5,34,8,57,44,121,40,80,56,13,41,34,39,101,110,87,24,47,1
2023-24,1610612738,BOS,Boston Celtics,0042300202,2024-05-09T00:00:00,BOS vs. CLE,L,48.0,33,80,0.413,8,35,0.229,20,24,0.833,6,25,31,22,7.0,5,3,3,15,20,94,-24.0,1,83,83,83,7,141,121,137,135,56,156,31,44,54,140,143,153,90,7,96,109,34,17,56,132,152,1
2023-24,1610612752,NYK,New York Knicks,0042300212,2024-05-08T00:00:00,NYK vs. IND,W,48.0,49,86,0.57,14,30,0.467,18,22,0.818,12,32,44,28,11.0,5,3,3,14,17,130,9.0,1,1,1,1,7,5,62,3,33,111,16,45,59,65,40,80,56,22,55,96,109,34,9,104,2,47,1
2023-24,1610612754,IND,Indiana Pacers,0042300212,2024-05-08T00:00:00,IND @ NYK,L,48.0,48,93,0.516,15,34,0.441,10,17,0.588,14,20,34,33,9.0,5,3,3,17,14,121,-9.0,1,83,83,83,7,7,8,31,21,70,29,138,110,161,22,163,138,4,19,96,109,34,44,149,15,116,1
2023-24,1610612760,OKC,Oklahoma City Thunder,0042300221,2024-05-07T00:00:00,OKC vs. DAL,W,48.0,40,89,0.449,16,35,0.457,21,28,0.75,16,36,52,29,11.0,8,8,8,18,21,117,22.0,1,1,1,1,7,61,30,96,13,56,20,26,21,101,10,24,7,19,55,34,11,144,62,44,30,16,1
2023-24,1610612738,BOS,Boston Celtics,0042300201,2024-05-07T00:00:00,BOS vs. CLE,W,48.0,45,92,0.489,18,46,0.391,12,14,0.857,13,42,55,22,9.0,2,7,3,13,18,120,25.0,1,1,1,1,7,24,10,47,5,5,48,117,127,39,31,5,3,90,19,158,22,34,5,87,21,11,1
2023-24,1610612742,DAL,Dallas Mavericks,0042300221,2024-05-07T00:00:00,DAL @ OKC,L,48.0,33,84,0.393,12,35,0.343,17,25,0.68,11,28,39,19,16.0,5,8,8,21,18,95,-22.0,1,83,83,83,7,141,82,147,68,56,85,57,37,137,51,120,115,124,145,96,11,144,110,87,129,148,1
2023-24,1610612739,CLE,Cleveland Cavaliers,0042300201,2024-05-07T00:00:00,CLE @ BOS,L,48.0,37,90,0.411,11,42,0.262,10,13,0.769,7,31,38,19,5.0,2,3,7,18,13,95,-25.0,1,83,83,83,7,102,23,139,87,13,137,138,138,93,124,93,119,124,1,158,109,127,62,157,129,153,1
2023-24,1610612750,MIN,Minnesota Timberwolves,0042300232,2024-05-06T00:00:00,MIN @ DEN,W,48.0,42,84,0.5,13,33,0.394,9,14,0.643,10,32,42,28,12.0,11,12,6,20,14,106,26.0,1,1,1,1,7,44,82,40,48,80,45,144,127,149,69,80,83,22,71,6,2,101,93,149,75,10,1
2023-24,1610612754,IND,Indiana Pacers,0042300211,2024-05-06T00:00:00,IND @ NYK,L,48.0,46,88,0.523,10,26,0.385,15,19,0.789,7,25,32,32,8.0,9,5,4,22,19,117,-4.0,1,83,83,83,7,16,42,28,102,147,51,84,88,80,124,143,147,8,10,18,65,57,122,73,30,96,1
2023-24,1610612752,NYK,New York Knicks,0042300211,2024-05-06T00:00:00,NYK vs. IND,W,48.0,44,82,0.537,11,23,0.478,22,26,0.846,8,32,40,25,15.0,5,4,5,19,22,121,4.0,1,1,1,1,7,27,100,19,87,160,12,20,29,48,105,80,101,49,130,96,85,81,79,32,15,67,1
2023-24,1610612743,DEN,Denver Nuggets,0042300232,2024-05-06T00:00:00,DEN vs. MIN,L,48.0,29,83,0.349,9,30,0.3,13,18,0.722,18,32,50,16,19.0,6,6,12,14,20,80,-26.0,1,83,83,83,7,158,94,160,119,111,117,109,101,115,5,80,16,156,159,73,39,162,9,56,163,155,1
2023-24,1610612739,CLE,Cleveland Cavaliers,0042300137,2024-05-05T00:00:00,CLE vs. ORL,W,48.0,34,77,0.442,8,24,0.333,30,36,0.833,10,38,48,19,16.0,8,8,4,23,32,106,12.0,1,1,1,1,7,135,146,108,135,157,90,1,1,54,69,10,24,124,145,34,11,57,134,1,75,37,1
2023-24,1610612753,ORL,Orlando Magic,0042300137,2024-05-05T00:00:00,ORL @ CLE,L,48.0,29,86,0.337,10,31,0.323,26,30,0.867,18,31,49,17,17.0,11,4,8,32,23,94,-12.0,1,83,83,83,7,158,62,161,102,100,102,6,14,34,5,93,22,149,150,6,85,144,164,23,132,125,1
2023-24,1610612743,DEN,Denver Nuggets,0042300231,2024-05-04T00:00:00,DEN vs. MIN,L,48.0,35,75,0.467,13,31,0.419,16,20,0.8,3,31,34,24,12.0,12,2,6,18,20,99,-7.0,1,83,83,83,7,123,153,75,48,100,36,70,78,72,161,93,138,58,71,3,132,101,62,56,113,106,1
2023-24,1610612750,MIN,Minnesota Timberwolves,0042300231,2024-05-04T00:00:00,MIN @ DEN,W,48.0,43,82,0.524,11,27,0.407,9,12,0.75,7,35,42,24,14.0,4,6,2,20,18,106,7.0,1,1,1,1,7,36,100,25,87,139,39,144,150,101,124,36,83,58,102,131,39,12,93,87,75,53,1
2023-24,1610612746,LAC,LA Clippers,0042300176,2024-05-03T00:00:00,LAC @ DAL,L,48.0,34,82,0.415,8,31,0.258,25,32,0.781,16,29,45,23,11.0,4,2,4,26,24,101,-13.0,1,83,83,83,7,135,100,134,135,100,142,12,6,89,10,114,46,73,55,131,132,57,157,16,105,129,1
2023-24,1610612739,CLE,Cleveland Cavaliers,0042300136,2024-05-03T00:00:00,CLE @ ORL,L,48.0,42,86,0.488,7,28,0.25,5,10,0.5,7,31,38,15,15.0,8,10,4,23,15,96,-7.0,1,83,83,83,7,44,62,51,150,131,147,162,154,164,124,93,119,160,130,34,6,57,134,134,125,106,1
2023-24,1610612753,ORL,Orlando Magic,0042300136,2024-05-03T00:00:00,ORL vs. CLE,W,48.0,35,89,0.393,11,36,0.306,22,26,0.846,15,33,48,19,14.0,6,4,10,15,23,103,7.0,1,1,1,1,7,123,30,146,87,46,114,20,29,48,14,61,24,124,102,73,85,159,17,23,97,53,1
2023-24,1610612742,DAL,Dallas Mavericks,0042300176,2024-05-03T00:00:00,DAL vs. LAC,W,48.0,40,83,0.482,12,36,0.333,22,33,0.667,18,27,45,26,10.0,6,4,2,24,26,114,13.0,1,1,1,1,7,61,94,56,68,46,90,20,3,138,5,129,46,35,41,73,85,12,143,4,43,33,1
2023-24,1610612755,PHI,Philadelphia 76ers,0042300116,2024-05-02T00:00:00,PHI vs. NYK,L,48.0,38,87,0.437,17,40,0.425,22,23,0.957,16,30,46,20,12.0,6,5,8,22,17,115,-3.0,1,83,83,83,7,83,50,111,10,18,33,20,55,6,10,104,40,116,71,73,65,144,122,104,39,89,1
2023-24,1610612754,IND,Indiana Pacers,0042300126,2024-05-02T00:00:00,IND vs. MIL,W,48.0,46,85,0.541,13,40,0.325,15,17,0.882,7,37,44,33,11.0,7,3,0,26,18,120,22.0,1,1,1,1,7,16,76,14,48,18,100,84,110,24,124,16,56,4,55,53,109,1,157,87,21,16,1
2023-24,1610612749,MIL,Milwaukee Bucks,0042300126,2024-05-02T00:00:00,MIL @ IND,L,48.0,35,83,0.422,7,27,0.259,21,32,0.656,15,25,40,19,12.0,4,0,3,18,26,98,-22.0,1,83,83,83,7,123,94,128,150,139,138,26,6,148,14,143,101,124,71,131,162,34,62,4,116,148,1
2023-24,1610612752,NYK,New York Knicks,0042300116,2024-05-02T00:00:00,NYK @ PHI,W,48.0,43,93,0.462,14,31,0.452,18,24,0.75,20,28,48,28,9.0,6,8,5,17,22,118,3.0,1,1,1,1,7,36,8,84,33,100,22,45,44,101,2,120,24,22,19,73,11,81,44,32,26,70,1
2023-24,1610612742,DAL,Dallas Mavericks,0042300175,2024-05-01T00:00:00,DAL @ LAC,W,48.0,47,87,0.54,14,39,0.359,15,20,0.75,9,31,40,27,10.0,5,6,0,22,19,123,30.0,1,1,1,1,7,9,50,15,33,25,76,84,78,101,89,93,101,28,41,96,39,1,122,73,12,7,1
2023-24,1610612738,BOS,Boston Celtics,0042300105,2024-05-01T00:00:00,BOS vs. MIA,W,48.0,42,77,0.545,16,40,0.4,18,27,0.667,8,48,56,23,15.0,5,3,0,15,17,118,34.0,1,1,1,1,7,44,146,13,13,18,43,45,23,138,105,2,2,73,130,96,109,1,17,104,26,4,1
2023-24,1610612746,LAC,LA Clippers,0042300175,2024-05-01T00:00:00,LAC vs. DAL,L,48.0,33,87,0.379,9,35,0.257,18,21,0.857,14,31,45,18,15.0,4,0,6,19,22,93,-30.0,1,83,83,83,7,141,50,154,119,56,143,45,68,39,22,93,46,136,130,131,162,101,79,32,137,157,1
2023-24,1610612748,MIA,Miami Heat,0042300105,2024-05-01T00:00:00,MIA @ BOS,L,48.0,36,87,0.414,3,29,0.103,9,10,0.9,2,27,29,20,6.0,4,0,3,17,15,84,-34.0,1,83,83,83,7,110,50,136,164,121,164,144,154,16,163,129,157,116,2,131,162,34,44,134,158,161,1
2023-24,1610612739,CLE,Cleveland Cavaliers,0042300135,2024-04-30T00:00:00,CLE vs. ORL,W,48.0,38,88,0.432,13,37,0.351,15,19,0.789,8,31,39,23,10.0,9,3,7,25,17,104,1.0,1,1,1,1,7,83,42,115,48,34,78,84,88,80,105,93,115,73,41,18,109,127,150,104,92,80,1
2023-24,1610612755,PHI,Philadelphia 76ers,0042300115,2024-04-30T00:00:00,PHI @ NYK,W,53.0,42,91,0.462,15,39,0.385,13,19,0.684,12,34,46,28,17.0,5,7,8,23,19,112,6.0,1,1,1,1,1,44,15,85,21,25,51,109,88,131,40,45,40,22,150,96,22,144,134,73,50,60,1
2023-24,1610612753,ORL,Orlando Magic,0042300135,2024-04-30T00:00:00,ORL @ CLE,L,48.0,36,78,0.462,9,31,0.29,22,29,0.759,7,36,43,17,14.0,5,7,3,17,25,103,-1.0,1,83,83,83,7,110,138,85,119,100,124,20,19,99,124,24,71,149,102,96,22,34,44,9,97,83,1
2023-24,1610612754,IND,Indiana Pacers,0042300125,2024-04-30T00:00:00,IND @ MIL,L,48.0,36,81,0.444,12,38,0.316,8,13,0.615,10,26,36,25,13.0,3,3,4,18,15,92,-23.0,1,83,83,83,7,110,114,102,68,31,107,155,138,157,69,140,128,49,91,151,109,57,62,134,141,150,1
2023-24,1610612752,NYK,New York Knicks,0042300115,2024-04-30T00:00:00,NYK vs. PHI,L,53.0,40,86,0.465,10,36,0.278,16,24,0.667,6,34,40,19,15.0,10,8,7,19,23,106,-6.0,1,83,83,83,1,61,62,79,102,46,129,70,44,138,140,45,101,124,130,11,11,127,79,23,75,104,1
2023-24,1610612749,MIL,Milwaukee Bucks,0042300125,2024-04-30T00:00:00,MIL vs. IND,W,48.0,44,84,0.524,11,29,0.379,16,20,0.8,11,33,44,23,11.0,8,4,3,15,18,115,23.0,1,1,1,1,7,27,82,26,87,121,58,70,78,72,51,61,56,73,55,34,85,34,17,87,39,14,1
2023-24,1610612748,MIA,Miami Heat,0042300104,2024-04-29T00:00:00,MIA vs. BOS,L,48.0,35,86,0.407,9,33,0.273,9,12,0.75,8,34,42,17,15.0,4,3,3,18,20,88,-14.0,1,83,83,83,7,123,62,142,119,80,131,144,150,101,105,45,83,149,130,131,109,34,62,56,154,133,1
2023-24,1610612760,OKC,Oklahoma City Thunder,0042300144,2024-04-29T00:00:00,OKC @ NOP,W,48.0,35,82,0.427,12,40,0.3,15,24,0.625,8,36,44,18,14.0,9,7,8,18,25,97,8.0,1,1,1,1,7,123,100,125,68,18,117,84,44,156,105,24,56,136,102,18,22,144,62,9,120,50,1
2023-24,1610612738,BOS,Boston Celtics,0042300104,2024-04-29T00:00:00,BOS @ MIA,W,48.0,36,86,0.419,14,37,0.378,16,18,0.889,11,35,46,21,11.0,5,3,3,20,18,102,14.0,1,1,1,1,7,110,62,131,33,34,60,70,101,21,51,36,40,103,55,96,109,34,93,87,102,31,1
2023-24,1610612740,NOP,New Orleans Pelicans,0042300144,2024-04-29T00:00:00,NOP vs. OKC,L,48.0,32,85,0.376,8,34,0.235,17,20,0.85,12,38,50,22,19.0,10,8,7,25,18,89,-8.0,1,83,83,83,7,146,76,155,135,70,151,57,78,43,40,10,16,90,159,11,11,127,150,87,150,113,1
2023-24,1610612747,LAL,Los Angeles Lakers,0042300155,2024-04-29T00:00:00,LAL @ DEN,L,48.0,39,84,0.464,10,35,0.286,18,27,0.667,11,30,41,30,9.0,7,6,1,12,16,106,-2.0,1,83,83,83,7,71,82,81,102,56,125,45,23,138,51,104,91,13,19,53,39,4,2,122,75,86,1
2023-24,1610612743,DEN,Denver Nuggets,0042300155,2024-04-29T00:00:00,DEN vs. LAL,W,48.0,42,89,0.472,16,38,0.421,8,9,0.889,9,36,45,28,14.0,6,1,6,16,12,108,2.0,1,1,1,1,7,44,30,68,13,31,35,155,159,21,89,24,46,22,102,73,154,101,32,161,67,77,1
2023-24,1610612756,PHX,Phoenix Suns,0042300164,2024-04-28T00:00:00,PHX vs. MIN,L,48.0,38,74,0.514,10,26,0.385,30,36,0.833,10,23,33,20,12.0,6,7,6,26,27,116,-6.0,1,83,83,83,7,83,157,32,102,147,51,1,1,54,69,157,141,116,71,73,22,101,157,2,34,104,1
2023-24,1610612754,IND,Indiana Pacers,0042300124,2024-04-28T00:00:00,IND vs. MIL,W,48.0,46,89,0.517,22,43,0.512,12,18,0.667,5,33,38,33,8.0,5,6,4,18,18,126,13.0,1,1,1,1,7,16,30,30,2,10,5,117,101,138,148,61,119,4,10,96,39,57,62,87,5,33,1
2023-24,1610612755,PHI,Philadelphia 76ers,0042300114,2024-04-28T00:00:00,PHI vs. NYK,L,48.0,29,82,0.354,9,33,0.273,25,29,0.862,9,33,42,23,9.0,5,5,11,24,19,92,-5.0,1,83,83,83,7,158,100,159,119,80,131,12,19,38,89,61,83,73,19,96,65,160,143,73,141,99,1
2023-24,1610612742,DAL,Dallas Mavericks,0042300174,2024-04-28T00:00:00,DAL vs. LAC,L,48.0,40,81,0.494,11,33,0.333,20,25,0.8,14,28,42,22,17.0,5,5,6,21,27,111,-5.0,1,83,83,83,7,61,114,44,87,80,90,31,37,72,22,120,83,90,150,96,65,101,110,2,54,99,1
2023-24,1610612752,NYK,New York Knicks,0042300114,2024-04-28T00:00:00,NYK @ PHI,W,48.0,37,86,0.43,7,27,0.259,16,26,0.615,15,37,52,19,12.0,1,11,5,19,24,97,5.0,1,1,1,1,7,102,62,117,150,139,138,70,29,157,14,16,7,124,71,164,4,81,79,16,120,62,1
2023-24,1610612749,MIL,Milwaukee Bucks,0042300124,2024-04-28T00:00:00,MIL @ IND,L,48.0,46,90,0.511,12,33,0.364,9,14,0.643,7,35,42,26,9.0,5,4,6,18,18,113,-13.0,1,83,83,83,7,16,23,35,68,80,72,144,127,149,124,36,83,35,19,96,85,101,62,87,48,129,1
2023-24,1610612746,LAC,LA Clippers,0042300174,2024-04-28T00:00:00,LAC @ DAL,W,48.0,43,80,0.538,18,29,0.621,12,18,0.667,5,24,29,22,13.0,10,6,5,27,21,116,5.0,1,1,1,1,7,36,121,17,5,121,1,117,101,138,148,152,157,90,91,11,39,81,162,44,34,62,1
2023-24,1610612750,MIN,Minnesota Timberwolves,0042300164,2024-04-28T00:00:00,MIN @ PHX,W,48.0,41,89,0.461,15,36,0.417,25,31,0.806,17,27,44,23,12.0,6,6,7,27,26,122,6.0,1,1,1,1,7,54,30,88,21,46,38,12,10,71,9,129,56,73,71,73,39,127,162,4,13,60,1
2023-24,1610612753,ORL,Orlando Magic,0042300134,2024-04-27T00:00:00,ORL vs. CLE,W,48.0,43,77,0.558,12,26,0.462,14,19,0.737,8,35,43,24,18.0,7,6,3,19,20,112,23.0,1,1,1,1,7,36,146,7,68,147,18,100,88,110,105,36,71,58,154,53,39,34,79,56,50,14,1
2023-24,1610612747,LAL,Los Angeles Lakers,0042300154,2024-04-27T00:00:00,LAL vs. DEN,W,48.0,48,92,0.522,8,26,0.308,15,18,0.833,8,38,46,23,12.0,6,2,4,20,15,119,11.0,1,1,1,1,7,7,10,29,135,147,111,84,101,54,105,10,40,73,71,73,132,57,93,134,24,41,1
2023-24,1610612748,MIA,Miami Heat,0042300103,2024-04-27T00:00:00,MIA vs. BOS,L,48.0,32,77,0.416,9,28,0.321,11,14,0.786,9,27,36,21,12.0,2,2,6,14,16,84,-20.0,1,83,83,83,7,146,146,133,119,131,104,128,127,85,89,129,128,103,71,158,132,101,9,122,158,143,1
2023-24,1610612740,NOP,New Orleans Pelicans,0042300143,2024-04-27T00:00:00,NOP vs. OKC,L,48.0,32,84,0.381,9,32,0.281,12,14,0.857,11,34,45,18,21.0,14,2,5,15,14,85,-21.0,1,83,83,83,7,146,82,152,119,91,127,117,127,39,51,45,46,136,163,1,132,81,17,149,157,145,1
2023-24,1610612760,OKC,Oklahoma City Thunder,0042300143,2024-04-27T00:00:00,OKC @ NOP,W,48.0,40,83,0.482,17,36,0.472,9,13,0.692,9,38,47,27,16.0,13,5,2,14,15,106,21.0,1,1,1,1,7,61,94,56,10,46,14,144,138,125,89,10,31,28,145,2,65,12,9,134,75,18,1
2023-24,1610612738,BOS,Boston Celtics,0042300103,2024-04-27T00:00:00,BOS @ MIA,W,48.0,39,82,0.476,11,37,0.297,15,21,0.714,10,33,43,22,6.0,4,6,2,16,14,104,20.0,1,1,1,1,7,71,100,60,87,34,121,84,68,117,69,61,71,90,2,131,39,12,32,149,92,21,1
2023-24,1610612739,CLE,Cleveland Cavaliers,0042300134,2024-04-27T00:00:00,CLE @ ORL,L,48.0,34,72,0.472,4,17,0.235,17,21,0.81,2,27,29,24,15.0,10,3,6,20,19,89,-23.0,1,83,83,83,7,135,160,67,163,164,151,57,68,67,163,129,157,58,130,11,109,101,93,73,150,150,1
2023-24,1610612743,DEN,Denver Nuggets,0042300154,2024-04-27T00:00:00,DEN @ LAL,L,48.0,39,87,0.448,9,30,0.3,21,25,0.84,9,31,40,30,14.0,9,4,2,15,20,108,-11.0,1,83,83,83,7,71,50,101,119,111,117,26,37,52,89,93,101,13,102,18,85,12,17,56,67,121,1
2023-24,1610612756,PHX,Phoenix Suns,0042300163,2024-04-26T00:00:00,PHX vs. MIN,L,48.0,35,76,0.461,11,28,0.393,28,32,0.875,5,23,28,24,10.0,8,3,1,26,25,109,-17.0,1,83,83,83,7,123,150,89,87,131,46,3,6,26,148,157,161,58,41,34,109,4,157,9,61,139,1
2023-24,1610612750,MIN,Minnesota Timberwolves,0042300163,2024-04-26T00:00:00,MIN @ PHX,W,48.0,43,87,0.494,13,34,0.382,27,31,0.871,15,35,50,26,14.0,5,1,3,25,26,126,17.0,1,1,1,1,7,36,50,42,48,70,54,5,10,33,14,36,16,35,102,96,154,34,150,4,5,25,1
2023-24,1610612746,LAC,LA Clippers,0042300173,2024-04-26T00:00:00,LAC @ DAL,L,48.0,32,70,0.457,10,29,0.345,16,20,0.8,8,33,41,19,19.0,5,4,7,24,16,90,-11.0,1,83,83,83,7,146,163,92,102,121,83,70,78,72,105,61,91,124,159,96,85,127,143,122,147,121,1
2023-24,1610612754,IND,Indiana Pacers,0042300123,2024-04-26T00:00:00,IND vs. MIL,W,53.0,45,105,0.429,13,49,0.265,18,24,0.75,19,31,50,32,8.0,5,4,2,20,26,121,3.0,1,1,1,1,1,24,1,118,48,1,136,45,44,101,4,93,16,8,10,96,85,12,93,4,15,70,1
2023-24,1610612749,MIL,Milwaukee Bucks,0042300123,2024-04-26T00:00:00,MIL @ IND,L,53.0,41,88,0.466,10,31,0.323,26,27,0.963,11,32,43,20,12.0,6,2,4,26,20,118,-3.0,1,83,83,83,1,54,42,77,102,100,102,6,23,4,51,80,71,116,71,73,132,57,157,56,26,89,1
2023-24,1610612742,DAL,Dallas Mavericks,0042300173,2024-04-26T00:00:00,DAL vs. LAC,W,48.0,39,86,0.453,9,35,0.257,14,19,0.737,11,25,36,21,9.0,12,7,4,16,24,101,11.0,1,1,1,1,7,71,62,93,119,56,143,100,88,110,51,143,128,103,19,3,22,57,32,16,105,41,1
2023-24,1610612752,NYK,New York Knicks,0042300113,2024-04-25T00:00:00,NYK @ PHI,L,48.0,44,90,0.489,13,30,0.433,13,19,0.684,11,21,32,27,9.0,4,3,8,25,18,114,-11.0,1,83,83,83,7,27,23,48,48,111,31,109,88,131,51,162,147,28,19,131,109,144,150,87,43,121,1
2023-24,1610612755,PHI,Philadelphia 76ers,0042300113,2024-04-25T00:00:00,PHI vs. NYK,W,48.0,41,75,0.547,15,31,0.484,28,33,0.848,8,28,36,24,11.0,6,8,3,18,25,125,11.0,1,1,1,1,7,54,153,11,21,100,9,3,3,47,105,120,128,58,55,73,11,34,62,9,8,41,1
2023-24,1610612747,LAL,Los Angeles Lakers,0042300153,2024-04-25T00:00:00,LAL vs. DEN,L,48.0,44,90,0.489,5,27,0.185,12,17,0.706,8,30,38,23,7.0,8,2,3,16,14,105,-7.0,1,83,83,83,7,27,23,48,160,139,162,117,110,123,105,104,119,73,7,34,132,34,32,149,85,106,1
2023-24,1610612753,ORL,Orlando Magic,0042300133,2024-04-25T00:00:00,ORL vs. CLE,W,48.0,47,92,0.511,13,37,0.351,14,16,0.875,14,37,51,24,9.0,7,3,8,21,16,121,38.0,1,1,1,1,7,9,10,36,48,34,78,100,118,26,22,16,13,58,19,53,109,144,110,122,15,2,1
2023-24,1610612743,DEN,Denver Nuggets,0042300153,2024-04-25T00:00:00,DEN @ LAL,W,48.0,44,90,0.489,5,28,0.179,19,22,0.864,14,37,51,27,13.0,4,3,2,14,16,112,7.0,1,1,1,1,7,27,23,48,160,131,163,38,59,37,22,16,13,28,91,131,109,12,9,122,50,53,1
2023-24,1610612739,CLE,Cleveland Cavaliers,0042300133,2024-04-25T00:00:00,CLE @ ORL,L,48.0,32,82,0.39,8,34,0.235,11,13,0.846,5,27,32,24,14.0,2,8,3,16,21,83,-38.0,1,83,83,83,7,146,100,149,135,70,151,128,138,48,148,129,147,58,102,158,11,34,32,44,161,162,1
2023-24,1610612738,BOS,Boston Celtics,0042300102,2024-04-24T00:00:00,BOS vs. MIA,L,48.0,37,80,0.463,12,32,0.375,15,21,0.714,6,33,39,21,13.0,9,8,1,17,22,101,-10.0,1,83,83,83,7,102,121,83,68,91,62,84,68,117,140,61,115,103,91,18,11,4,44,32,105,119,1
2023-24,1610612740,NOP,New Orleans Pelicans,0042300142,2024-04-24T00:00:00,NOP @ OKC,L,48.0,33,73,0.452,7,26,0.269,19,21,0.905,8,27,35,16,18.0,4,2,2,24,19,92,-32.0,1,83,83,83,7,141,159,95,150,147,133,38,68,14,105,129,134,156,154,131,132,12,143,73,141,159,1
2023-24,1610612760,OKC,Oklahoma City Thunder,0042300142,2024-04-24T00:00:00,OKC vs. NOP,W,48.0,46,78,0.59,14,29,0.483,18,20,0.9,5,32,37,25,9.0,5,2,2,19,24,124,32.0,1,1,1,1,7,16,138,2,33,121,10,45,78,16,148,80,126,49,19,96,132,12,79,16,10,5,1
2023-24,1610612748,MIA,Miami Heat,0042300102,2024-04-24T00:00:00,MIA @ BOS,W,48.0,37,75,0.493,23,43,0.535,14,18,0.778,4,36,40,25,14.0,9,1,8,22,17,111,10.0,1,1,1,1,7,102,153,46,1,10,3,100,101,90,158,24,101,49,102,18,154,144,122,104,54,45,1
2023-24,1610612742,DAL,Dallas Mavericks,0042300172,2024-04-23T00:00:00,DAL @ LAC,W,48.0,32,76,0.421,14,33,0.424,18,27,0.667,11,39,50,17,14.0,8,7,4,23,19,96,3.0,1,1,1,1,7,146,150,129,33,80,34,45,23,138,51,7,16,149,102,34,22,57,134,73,125,70,1
2023-24,1610612749,MIL,Milwaukee Bucks,0042300122,2024-04-23T00:00:00,MIL vs. IND,L,48.0,38,86,0.442,13,32,0.406,19,21,0.905,8,32,40,24,8.0,4,4,6,13,18,108,-17.0,1,83,83,83,7,83,62,106,48,91,40,38,68,14,105,80,101,58,10,131,85,101,5,87,67,139,1
2023-24,1610612750,MIN,Minnesota Timberwolves,0042300162,2024-04-23T00:00:00,MIN vs. PHX,W,48.0,35,78,0.449,9,32,0.281,26,30,0.867,10,29,39,23,14.0,11,2,1,21,22,105,12.0,1,1,1,1,7,123,138,98,119,91,127,6,14,34,69,114,115,73,102,6,132,4,110,32,85,37,1
2023-24,1610612754,IND,Indiana Pacers,0042300122,2024-04-23T00:00:00,IND @ MIL,W,48.0,50,90,0.556,16,36,0.444,9,14,0.643,7,38,45,38,6.0,3,6,4,18,13,125,17.0,1,1,1,1,7,3,23,8,13,46,26,144,127,149,124,10,46,1,2,151,39,57,62,157,8,25,1
2023-24,1610612756,PHX,Phoenix Suns,0042300162,2024-04-23T00:00:00,PHX @ MIN,L,48.0,35,78,0.449,8,22,0.364,15,19,0.789,11,30,41,19,20.0,7,1,2,22,21,93,-12.0,1,83,83,83,7,123,138,98,135,161,72,84,88,80,51,104,91,124,162,53,154,12,122,44,137,125,1
2023-24,1610612746,LAC,LA Clippers,0042300172,2024-04-23T00:00:00,LAC vs. DAL,L,48.0,32,87,0.368,8,30,0.267,21,26,0.808,14,33,47,18,9.0,9,4,7,19,23,93,-3.0,1,83,83,83,7,146,50,156,135,111,134,26,29,70,22,61,31,136,19,18,85,127,79,23,137,89,1
2023-24,1610612743,DEN,Denver Nuggets,0042300152,2024-04-22T00:00:00,DEN vs. LAL,W,48.0,39,88,0.443,8,34,0.235,15,17,0.882,9,36,45,26,9.0,6,4,3,17,20,101,2.0,1,1,1,1,7,71,42,105,135,70,151,84,110,24,89,24,46,35,19,73,85,34,44,56,105,77,1
2023-24,1610612739,CLE,Cleveland Cavaliers,0042300132,2024-04-22T00:00:00,CLE vs. ORL,W,48.0,34,82,0.415,12,39,0.308,16,26,0.615,15,33,48,18,15.0,11,6,5,24,22,96,10.0,1,1,1,1,7,135,100,134,68,25,111,70,29,157,14,61,24,136,130,6,39,81,143,32,125,45,1
2023-24,1610612752,NYK,New York Knicks,0042300112,2024-04-22T00:00:00,NYK vs. PHI,W,48.0,37,91,0.407,11,33,0.333,19,23,0.826,12,34,46,22,8.0,5,6,6,17,21,104,3.0,1,1,1,1,7,102,15,143,87,80,90,38,55,63,40,45,40,90,10,96,39,101,44,44,92,70,1
2023-24,1610612753,ORL,Orlando Magic,0042300132,2024-04-22T00:00:00,ORL @ CLE,L,48.0,29,80,0.363,9,35,0.257,19,26,0.731,11,30,41,18,17.0,8,5,6,22,24,86,-10.0,1,83,83,83,7,158,121,157,119,56,143,38,29,112,51,104,91,136,150,34,65,101,122,16,156,119,1
2023-24,1610612747,LAL,Los Angeles Lakers,0042300152,2024-04-22T00:00:00,LAL @ DEN,L,48.0,38,78,0.487,13,30,0.433,10,13,0.769,4,34,38,24,15.0,6,3,4,20,17,99,-2.0,1,83,83,83,7,83,138,53,48,111,31,138,138,93,158,45,119,58,130,73,109,57,93,104,113,86,1
2023-24,1610612755,PHI,Philadelphia 76ers,0042300112,2024-04-22T00:00:00,PHI @ NYK,L,48.0,36,84,0.429,13,36,0.361,16,22,0.727,10,34,44,26,11.0,3,6,6,21,17,101,-3.0,1,83,83,83,7,110,82,118,48,46,74,70,59,113,69,45,56,35,55,151,39,101,110,104,105,89,1
2023-24,1610612754,IND,Indiana Pacers,0042300121,2024-04-21T00:00:00,IND @ MIL,L,48.0,36,91,0.396,8,38,0.211,14,21,0.667,14,36,50,20,13.0,4,5,5,16,22,94,-15.0,1,83,83,83,7,110,15,144,135,31,159,100,68,138,22,24,16,116,91,131,65,81,32,32,132,135,1
2023-24,1610612760,OKC,Oklahoma City Thunder,0042300141,2024-04-21T00:00:00,OKC vs. NOP,W,48.0,37,85,0.435,10,32,0.313,10,13,0.769,8,36,44,21,13.0,5,7,6,13,16,94,2.0,1,1,1,1,7,102,76,114,102,91,108,138,138,93,105,24,56,103,91,96,22,101,5,122,132,77,1
2023-24,1610612748,MIA,Miami Heat,0042300101,2024-04-21T00:00:00,MIA @ BOS,L,48.0,38,81,0.469,12,37,0.324,6,6,1.0,5,29,34,23,11.0,4,1,6,13,10,94,-20.0,1,83,83,83,7,83,114,73,68,34,101,161,163,1,148,114,138,73,55,131,154,101,5,164,132,143,1
2023-24,1610612742,DAL,Dallas Mavericks,0042300171,2024-04-21T00:00:00,DAL @ LAC,L,48.0,31,80,0.388,10,33,0.303,25,33,0.758,9,32,41,14,9.0,7,9,3,15,22,97,-12.0,1,83,83,83,7,153,121,150,102,80,115,12,3,100,89,80,91,163,19,53,7,34,17,32,120,125,1
2023-24,1610612749,MIL,Milwaukee Bucks,0042300121,2024-04-21T00:00:00,MIL vs. IND,W,48.0,41,87,0.471,14,37,0.378,13,13,1.0,5,42,47,21,12.0,5,5,5,22,16,109,15.0,1,1,1,1,7,54,50,71,33,34,60,109,138,1,148,5,31,103,71,96,65,81,122,122,61,28,1
2023-24,1610612738,BOS,Boston Celtics,0042300101,2024-04-21T00:00:00,BOS vs. MIA,W,48.0,39,82,0.476,22,49,0.449,14,16,0.875,10,34,44,27,11.0,6,6,1,10,13,114,20.0,1,1,1,1,7,71,100,60,2,1,24,100,118,26,69,45,56,28,55,73,39,4,1,157,43,21,1
2023-24,1610612746,LAC,LA Clippers,0042300171,2024-04-21T00:00:00,LAC vs. DAL,W,48.0,40,87,0.46,18,36,0.5,11,13,0.846,10,35,45,21,14.0,5,3,9,22,15,109,12.0,1,1,1,1,7,61,50,90,5,46,6,128,138,48,69,36,46,103,102,96,109,155,122,134,61,37,1
2023-24,1610612740,NOP,New Orleans Pelicans,0042300141,2024-04-21T00:00:00,NOP @ OKC,L,48.0,37,96,0.385,11,39,0.282,7,9,0.778,18,34,52,22,14.0,7,6,7,16,13,92,-2.0,1,83,83,83,7,102,6,151,87,25,126,158,159,90,5,45,7,90,102,53,39,127,32,157,141,86,1
2023-24,1610612743,DEN,Denver Nuggets,0042300151,2024-04-20T00:00:00,DEN vs. LAL,W,48.0,47,102,0.461,15,42,0.357,5,6,0.833,15,34,49,27,6.0,7,4,7,20,15,114,11.0,1,1,1,1,7,9,2,87,21,13,77,162,163,54,14,45,22,28,2,53,85,127,93,134,43,41,1
2023-24,1610612752,NYK,New York Knicks,0042300111,2024-04-20T00:00:00,NYK vs. PHI,W,48.0,36,91,0.396,16,35,0.457,23,28,0.821,23,32,55,20,12.0,6,7,7,18,21,111,7.0,1,1,1,1,7,110,15,144,13,56,20,18,21,64,1,80,3,116,71,73,22,127,62,44,54,53,1
2023-24,1610612747,LAL,Los Angeles Lakers,0042300151,2024-04-20T00:00:00,LAL @ DEN,L,48.0,39,79,0.494,8,29,0.276,17,19,0.895,6,34,40,22,12.0,3,7,4,15,20,103,-11.0,1,83,83,83,7,71,133,45,135,121,130,57,88,20,140,45,101,90,71,151,22,57,17,56,97,121,1
2023-24,1610612756,PHX,Phoenix Suns,0042300161,2024-04-20T00:00:00,PHX @ MIN,L,48.0,33,75,0.44,9,28,0.321,20,25,0.8,3,25,28,16,15.0,9,6,2,19,24,95,-25.0,1,83,83,83,7,141,153,109,119,131,104,31,37,72,161,143,161,156,130,18,39,12,79,16,129,153,1
2023-24,1610612739,CLE,Cleveland Cavaliers,0042300131,2024-04-20T00:00:00,CLE vs. ORL,W,48.0,36,81,0.444,8,30,0.267,17,21,0.81,10,44,54,21,18.0,9,4,7,21,25,97,14.0,1,1,1,1,7,110,114,102,135,111,134,57,68,67,69,3,5,103,154,18,85,127,110,9,120,31,1
2023-24,1610612750,MIN,Minnesota Timberwolves,0042300161,2024-04-20T00:00:00,MIN vs. PHX,W,48.0,44,88,0.5,12,32,0.375,20,22,0.909,13,39,52,26,15.0,8,2,6,24,19,120,25.0,1,1,1,1,7,27,42,40,68,91,62,31,59,12,31,7,7,35,130,34,132,101,143,73,21,11,1
2023-24,1610612755,PHI,Philadelphia 76ers,0042300111,2024-04-20T00:00:00,PHI @ NYK,L,48.0,36,81,0.444,12,35,0.343,20,22,0.909,9,24,33,17,11.0,8,7,7,21,18,104,-7.0,1,83,83,83,7,110,114,102,68,56,85,31,59,12,89,152,141,149,55,34,22,127,110,87,92,106,1
2023-24,1610612753,ORL,Orlando Magic,0042300131,2024-04-20T00:00:00,ORL @ CLE,L,48.0,28,86,0.326,8,37,0.216,19,30,0.633,11,29,40,16,12.0,12,7,4,25,21,83,-14.0,1,83,83,83,7,163,62,163,135,34,158,38,14,154,51,114,101,156,71,3,22,57,150,44,161,133,1
